{
    "_comment": "Makesure to replace following private keys with keys from your Ganache instance",
    "acc0": {
        "pvtKey": "0xac81c6802686be197a1308d4d661429158c5aefc12bc56f926563b0245e02bbb"
    },
    "acc1": {
        "pvtKey": "0x86b2c518317ee04bda8af21e9a18350a8c27cb73ffe06715edec7df38f7bdb1e"
    },
    "acc2": {
        "pvtKey": "0xabba8c8b5debc25d54cd74423bd0e26c6e2587658bb9aaabd298a781fef97b8f"
    },
    "acc3": {
        "pvtKey": "0x3ead9d3f957b5181502d6cb148fda0f2ca936e6a698461fb8ca38e7d7d7b3b67"
    }
}

